{
    "LCX": 1921.503002977,
    "LCY": 1470.497449247,
    "LFX": 14385.14562297,
    "LFY": 14396.95017015,
    "LTX": 0.0,
    "LTY": 0.0,
    "LTZ": 0.0,
    "LRot": [
        [
            1.0,
            0.0,
            0.0
        ],
        [
            0.0,
            1.0,
            0.0
        ],
        [
            0.0,
            0.0,
            1.0
        ]
    ],
    "LResolution": [
        3000,
        4096
    ],
    "RCX": 2406.045438026,
    "RCY": 1388.969596834,
    "RFX": 16721.22837896,
    "RFY": 16729.7909568,
    "RTX": 142.5392978244,
    "RTY": -0.2261089685481,
    "RTZ": 120.93820356,
    "RRot": [
        [
            0.965262981388,
            -0.004377244381383,
            -0.2612435960815
        ],
        [
            0.003681912606014,
            0.9999882572847,
            -0.003151001799486
        ],
        [
            0.2612543210772,
            0.002079669301677,
            0.9652677632108
        ]
    ],
    "RResolution": [
        3000,
        4096
    ]
}